Product,Price,Discount
A Light in the Attic,Â£51.77,0%
Tipping the Velvet,Â£53.74,0%
Soumission,Â£50.10,0%
Sharp Objects,Â£47.82,0%
Sapiens: A Brief History of Humankind,Â£54.23,0%
The Requiem Red,Â£22.65,0%
The Dirty Little Secrets of Getting Your Dream Job,Â£33.34,0%
"The Coming Woman: A Novel Based on the Life of the Infamous Feminist, Victoria Woodhull",Â£17.93,0%
The Boys in the Boat: Nine Americans and Their Epic Quest for Gold at the 1936 Berlin Olympics,Â£22.60,0%
The Black Maria,Â£52.15,0%
"Starving Hearts (Triangular Trade Trilogy, #1)",Â£13.99,0%
Shakespeare's Sonnets,Â£20.66,0%
Set Me Free,Â£17.46,0%
Scott Pilgrim's Precious Little Life (Scott Pilgrim #1),Â£52.29,0%
Rip it Up and Start Again,Â£35.02,0%
"Our Band Could Be Your Life: Scenes from the American Indie Underground, 1981-1991",Â£57.25,0%
Olio,Â£23.88,0%
Mesaerion: The Best Science Fiction Stories 1800-1849,Â£37.59,0%
Libertarianism for Beginners,Â£51.33,0%
It's Only the Himalayas,Â£45.17,0%
